{"cameraMode":{"drawMode":0,"name":"Shaded","section":"Shading Mode"},"sceneLighting":true,"audioPlay":false,"sceneViewState":{"showFog":true,"showMaterialUpdate":false,"showSkybox":true,"showFlares":true,"showImageEffects":true,"showParticleSystems":true},"in2DMode":false,"pivot":{"x":21.51782989501953,"y":17.109052658081056,"z":-35.08351516723633},"rotation":{"x":0.18663334846496583,"y":-0.38426947593688967,"z":0.07603798806667328,"w":0.9014052748680115},"size":22.0,"orthographic":false}