{"cameraMode":{"drawMode":0,"name":"Shaded","section":"Shading Mode"},"sceneLighting":false,"audioPlay":false,"sceneViewState":{"showFog":true,"showMaterialUpdate":false,"showSkybox":false,"showFlares":true,"showImageEffects":true,"showParticleSystems":true},"in2DMode":false,"pivot":{"x":-15.89156436920166,"y":8.003251075744629,"z":14.314902305603028},"rotation":{"x":-0.3173791170120239,"y":0.2295885980129242,"z":-0.0795055404305458,"w":-0.9166903495788574},"size":4.492796421051025,"orthographic":false}